{"options":{"validator":{"$jsonSchema":{"bsonType":"object","properties":{"actor_id":{"bsonType":"int"},"first_name":{"bsonType":"string"},"last_name":{"bsonType":"string"},"last_update":{"bsonType":"date"}}}},"validationLevel":"strict","validationAction":"error"},"indexes":[{"v":2,"key":{"_id":1},"name":"_id_","ns":"sakila.actor"},{"v":2,"unique":true,"key":{"actor_id":1},"name":"actor_id_1","ns":"sakila.actor"},{"v":2,"key":{"last_name":1},"name":"last_name_1","ns":"sakila.actor"}],"uuid":"d914b393f8b4443d83346d513880a605"}