{"options":{"validator":{"$jsonSchema":{"properties":{"last_update":{"bsonType":"date"},"actor_id":{"bsonType":"int"},"first_name":{"bsonType":"string"},"last_name":{"bsonType":"string"}},"bsonType":"object"}},"validationLevel":"strict","validationAction":"error"},"indexes":[{"v":{"$numberInt":"2"},"key":{"_id":{"$numberInt":"1"}},"name":"_id_"},{"v":{"$numberInt":"2"},"unique":true,"key":{"actor_id":{"$numberInt":"1"}},"name":"actor_id_1"},{"v":{"$numberInt":"2"},"key":{"last_name":{"$numberInt":"1"}},"name":"last_name_1"}],"uuid":"38c77aa1cc3a41a9ac8eecdca9296c3f","collectionName":"actor"}