{"options":{"validator":{"$jsonSchema":{"properties":{"district":{"bsonType":"string"},"city_id":{"bsonType":"int"},"phone":{"bsonType":"string"},"address_id":{"bsonType":"int"},"address":{"bsonType":"string"},"location":{"bsonType":"string"},"last_update":{"bsonType":"date"},"address2":{"bsonType":"string"},"postal_code":{"bsonType":"string"}},"bsonType":"object"}},"validationLevel":"strict","validationAction":"error"},"indexes":[{"v":{"$numberInt":"2"},"key":{"_id":{"$numberInt":"1"}},"name":"_id_"},{"v":{"$numberInt":"2"},"unique":true,"key":{"address_id":{"$numberInt":"1"}},"name":"address_id_1"},{"v":{"$numberInt":"2"},"key":{"city_id":{"$numberInt":"1"}},"name":"city_id_1"}],"uuid":"cc5c95e0357f4a6fb36fcd95654c7ef1","collectionName":"address"}