{"options":{"validator":{"$jsonSchema":{"bsonType":"object","properties":{"address_id":{"bsonType":"int"},"address":{"bsonType":"string"},"address2":{"bsonType":"string"},"district":{"bsonType":"string"},"city_id":{"bsonType":"int"},"postal_code":{"bsonType":"string"},"phone":{"bsonType":"string"},"location":{"bsonType":"string"},"last_update":{"bsonType":"date"}}}},"validationLevel":"strict","validationAction":"error"},"indexes":[{"v":2,"key":{"_id":1},"name":"_id_","ns":"sakila.address"},{"v":2,"unique":true,"key":{"address_id":1},"name":"address_id_1","ns":"sakila.address"},{"v":2,"key":{"city_id":1},"name":"city_id_1","ns":"sakila.address"}],"uuid":"57010bea082c443c8316174071c63889"}