{"options":{"validator":{"$jsonSchema":{"bsonType":"object","properties":{"city":{"bsonType":"string"},"country_id":{"bsonType":"int"},"last_update":{"bsonType":"date"},"city_id":{"bsonType":"int"}}}},"validationLevel":"strict","validationAction":"error"},"indexes":[{"v":{"$numberInt":"2"},"key":{"_id":{"$numberInt":"1"}},"name":"_id_"},{"v":{"$numberInt":"2"},"unique":true,"key":{"city_id":{"$numberInt":"1"}},"name":"city_id_1"},{"v":{"$numberInt":"2"},"key":{"country_id":{"$numberInt":"1"}},"name":"country_id_1"}],"uuid":"878a1d0c92fa43a3a1aa2b67bb4265b4","collectionName":"city"}