{"options":{"validator":{"$jsonSchema":{"bsonType":"object","properties":{"city_id":{"bsonType":"int"},"city":{"bsonType":"string"},"country_id":{"bsonType":"int"},"last_update":{"bsonType":"date"}}}},"validationLevel":"strict","validationAction":"error"},"indexes":[{"v":2,"key":{"_id":1},"name":"_id_","ns":"sakila.city"},{"v":2,"unique":true,"key":{"city_id":1},"name":"city_id_1","ns":"sakila.city"},{"v":2,"key":{"country_id":1},"name":"country_id_1","ns":"sakila.city"}],"uuid":"745110cf8b8f490189dbf660ed9e26e6"}