{"options":{"validator":{"$jsonSchema":{"properties":{"active":{"bsonType":"int"},"create_date":{"bsonType":"date"},"customer_id":{"bsonType":"int"},"email":{"bsonType":"string"},"address_id":{"bsonType":"int"},"last_update":{"bsonType":"date"},"store_id":{"bsonType":"int"},"first_name":{"bsonType":"string"},"last_name":{"bsonType":"string"}},"bsonType":"object"}},"validationLevel":"strict","validationAction":"error"},"indexes":[{"v":{"$numberInt":"2"},"key":{"_id":{"$numberInt":"1"}},"name":"_id_"},{"v":{"$numberInt":"2"},"key":{"address_id":{"$numberInt":"1"}},"name":"address_id_1"},{"v":{"$numberInt":"2"},"unique":true,"key":{"customer_id":{"$numberInt":"1"}},"name":"customer_id_1"},{"v":{"$numberInt":"2"},"key":{"store_id":{"$numberInt":"1"}},"name":"store_id_1"},{"v":{"$numberInt":"2"},"key":{"last_name":{"$numberInt":"1"}},"name":"last_name_1"}],"uuid":"0608e062b0fe48b0a1c7cd06967db673","collectionName":"customer"}