{"options":{"validator":{"$jsonSchema":{"bsonType":"object","properties":{"customer_id":{"bsonType":"int"},"store_id":{"bsonType":"int"},"first_name":{"bsonType":"string"},"last_name":{"bsonType":"string"},"email":{"bsonType":"string"},"address_id":{"bsonType":"int"},"active":{"bsonType":"int"},"create_date":{"bsonType":"date"},"last_update":{"bsonType":"date"}}}},"validationLevel":"strict","validationAction":"error"},"indexes":[{"v":2,"key":{"_id":1},"name":"_id_","ns":"sakila.customer"},{"v":2,"key":{"address_id":1},"name":"address_id_1","ns":"sakila.customer"},{"v":2,"unique":true,"key":{"customer_id":1},"name":"customer_id_1","ns":"sakila.customer"},{"v":2,"key":{"store_id":1},"name":"store_id_1","ns":"sakila.customer"},{"v":2,"key":{"last_name":1},"name":"last_name_1","ns":"sakila.customer"}],"uuid":"1aa808f2392a4d978656c6f42e40d05e"}