{"options":{"validator":{"$jsonSchema":{"bsonType":"object","properties":{"actor_id":{"bsonType":"int"},"film_id":{"bsonType":"int"},"last_update":{"bsonType":"date"}}}},"validationLevel":"strict","validationAction":"error"},"indexes":[{"v":2,"key":{"_id":1},"name":"_id_","ns":"sakila.film_actor"},{"v":2,"key":{"film_id":1},"name":"film_id_1","ns":"sakila.film_actor"},{"v":2,"unique":true,"key":{"actor_id":1,"film_id":1},"name":"actor_id_1_film_id_1","ns":"sakila.film_actor"}],"uuid":"9cb2bd67c9df44bfae2d8f865b76328b"}