{"options":{"validationAction":"error","validator":{"$jsonSchema":{"properties":{"title":{"bsonType":"string"},"description":{"bsonType":"string"},"release_year":{"bsonType":"int"},"original_language_id":{"bsonType":"int"},"replacement_cost":{"bsonType":"decimal"},"rating":{"enum":["G","PG","PG-13","R","NC-17"],"description":"can only be one of the enum values"},"last_update":{"bsonType":"date"},"film_id":{"bsonType":"int"},"language_id":{"bsonType":"int"},"rental_duration":{"bsonType":"int"},"rental_rate":{"bsonType":"decimal"},"length":{"bsonType":"int"},"special_features":{"bsonType":"array"}},"bsonType":"object"}},"validationLevel":"strict"},"indexes":[{"v":{"$numberInt":"2"},"key":{"_id":{"$numberInt":"1"}},"name":"_id_"},{"v":{"$numberInt":"2"},"unique":true,"key":{"film_id":{"$numberInt":"1"}},"name":"film_id_1"},{"v":{"$numberInt":"2"},"key":{"language_id":{"$numberInt":"1"}},"name":"language_id_1"},{"v":{"$numberInt":"2"},"key":{"original_language_id":{"$numberInt":"1"}},"name":"original_language_id_1"},{"v":{"$numberInt":"2"},"key":{"title":{"$numberInt":"1"}},"name":"title_1"}],"uuid":"8b198cf0b09e47cbaf48988c82ce49f3","collectionName":"film"}