{"options":{"validator":{"$jsonSchema":{"bsonType":"object","properties":{"actor_id":{"bsonType":"int"},"film_id":{"bsonType":"int"},"last_update":{"bsonType":"date"}}}},"validationLevel":"strict","validationAction":"error"},"indexes":[{"v":{"$numberInt":"2"},"key":{"_id":{"$numberInt":"1"}},"name":"_id_"},{"v":{"$numberInt":"2"},"key":{"film_id":{"$numberInt":"1"}},"name":"film_id_1"},{"v":{"$numberInt":"2"},"unique":true,"key":{"actor_id":{"$numberInt":"1"},"film_id":{"$numberInt":"1"}},"name":"actor_id_1_film_id_1"}],"uuid":"64c2faa01a65448b9f73da708faeb7ab","collectionName":"film_actor"}