{"options":{"validator":{"$jsonSchema":{"bsonType":"object","properties":{"film_id":{"bsonType":"int"},"title":{"bsonType":"string"},"description":{"bsonType":"string"},"release_year":{"bsonType":"int"},"language_id":{"bsonType":"int"},"original_language_id":{"bsonType":"int"},"rental_duration":{"bsonType":"int"},"rental_rate":{"bsonType":"decimal"},"length":{"bsonType":"int"},"replacement_cost":{"bsonType":"decimal"},"rating":{"enum":["G","PG","PG-13","R","NC-17"],"description":"can only be one of the enum values"},"special_features":{"bsonType":"array"},"last_update":{"bsonType":"date"}}}},"validationLevel":"strict","validationAction":"error"},"indexes":[{"v":2,"key":{"_id":1},"name":"_id_","ns":"sakila.film"},{"v":2,"unique":true,"key":{"film_id":1},"name":"film_id_1","ns":"sakila.film"},{"v":2,"key":{"language_id":1},"name":"language_id_1","ns":"sakila.film"},{"v":2,"key":{"original_language_id":1},"name":"original_language_id_1","ns":"sakila.film"},{"v":2,"key":{"title":1},"name":"title_1","ns":"sakila.film"}],"uuid":"3e90ca2f7ed84089a4750bc2ecb9284a"}