{"options":{"validator":{"$jsonSchema":{"bsonType":"object","properties":{"film_id":{"bsonType":"int"},"category_id":{"bsonType":"int"},"last_update":{"bsonType":"date"}}}},"validationLevel":"strict","validationAction":"error"},"indexes":[{"v":2,"key":{"_id":1},"name":"_id_","ns":"sakila.film_category"},{"v":2,"key":{"category_id":1},"name":"category_id_1","ns":"sakila.film_category"},{"v":2,"unique":true,"key":{"film_id":1,"category_id":1},"name":"film_id_1_category_id_1","ns":"sakila.film_category"}],"uuid":"a27a9ba329df44bdae7f1499a5888552"}