{"options":{"validationLevel":"strict","validationAction":"error","validator":{"$jsonSchema":{"bsonType":"object","properties":{"inventory_id":{"bsonType":"int"},"film_id":{"bsonType":"int"},"store_id":{"bsonType":"int"},"last_update":{"bsonType":"date"}}}}},"indexes":[{"v":{"$numberInt":"2"},"key":{"_id":{"$numberInt":"1"}},"name":"_id_"},{"v":{"$numberInt":"2"},"unique":true,"key":{"inventory_id":{"$numberInt":"1"}},"name":"inventory_id_1"},{"v":{"$numberInt":"2"},"key":{"film_id":{"$numberInt":"1"}},"name":"film_id_1"},{"v":{"$numberInt":"2"},"key":{"store_id":{"$numberInt":"1"},"film_id":{"$numberInt":"1"}},"name":"store_id_1_film_id_1"}],"uuid":"31c002a69c8b4407ac33ae885e8b64fb","collectionName":"inventory"}