{"options":{"validator":{"$jsonSchema":{"bsonType":"object","properties":{"inventory_id":{"bsonType":"int"},"film_id":{"bsonType":"int"},"store_id":{"bsonType":"int"},"last_update":{"bsonType":"date"}}}},"validationLevel":"strict","validationAction":"error"},"indexes":[{"v":2,"key":{"_id":1},"name":"_id_","ns":"sakila.inventory"},{"v":2,"unique":true,"key":{"inventory_id":1},"name":"inventory_id_1","ns":"sakila.inventory"},{"v":2,"key":{"film_id":1},"name":"film_id_1","ns":"sakila.inventory"},{"v":2,"key":{"store_id":1,"film_id":1},"name":"store_id_1_film_id_1","ns":"sakila.inventory"}],"uuid":"3c6a81b1e32a477a89e1107c678226c0"}