{"options":{"validator":{"$jsonSchema":{"bsonType":"object","properties":{"payment_id":{"bsonType":"int"},"customer_id":{"bsonType":"int"},"staff_id":{"bsonType":"int"},"rental_id":{"bsonType":"int"},"amount":{"bsonType":"decimal"},"payment_date":{"bsonType":"date"},"last_update":{"bsonType":"date"}}}},"validationLevel":"strict","validationAction":"error"},"indexes":[{"v":2,"key":{"_id":1},"name":"_id_","ns":"sakila.payment"},{"v":2,"key":{"rental_id":1},"name":"rental_id_1","ns":"sakila.payment"},{"v":2,"key":{"customer_id":1},"name":"customer_id_1","ns":"sakila.payment"},{"v":2,"unique":true,"key":{"payment_id":1},"name":"payment_id_1","ns":"sakila.payment"},{"v":2,"key":{"staff_id":1},"name":"staff_id_1","ns":"sakila.payment"}],"uuid":"84e3221b06d441adae6e4b5c735cc799"}