{"options":{"validator":{"$jsonSchema":{"bsonType":"object","properties":{"customer_id":{"bsonType":"int"},"staff_id":{"bsonType":"int"},"rental_id":{"bsonType":"int"},"amount":{"bsonType":"decimal"},"payment_date":{"bsonType":"date"},"last_update":{"bsonType":"date"},"payment_id":{"bsonType":"int"}}}},"validationLevel":"strict","validationAction":"error"},"indexes":[{"v":{"$numberInt":"2"},"key":{"_id":{"$numberInt":"1"}},"name":"_id_"},{"v":{"$numberInt":"2"},"key":{"rental_id":{"$numberInt":"1"}},"name":"rental_id_1"},{"v":{"$numberInt":"2"},"key":{"customer_id":{"$numberInt":"1"}},"name":"customer_id_1"},{"v":{"$numberInt":"2"},"unique":true,"key":{"payment_id":{"$numberInt":"1"}},"name":"payment_id_1"},{"v":{"$numberInt":"2"},"key":{"staff_id":{"$numberInt":"1"}},"name":"staff_id_1"}],"uuid":"15db0ea3c3e148378afc61f20f00f3b8","collectionName":"payment"}