{"options":{"validator":{"$jsonSchema":{"bsonType":"object","properties":{"rental_id":{"bsonType":"int"},"rental_date":{"bsonType":"date"},"inventory_id":{"bsonType":"int"},"customer_id":{"bsonType":"int"},"return_date":{"bsonType":"date"},"staff_id":{"bsonType":"int"},"last_update":{"bsonType":"date"}}}},"validationLevel":"strict","validationAction":"error"},"indexes":[{"v":{"$numberInt":"2"},"key":{"_id":{"$numberInt":"1"}},"name":"_id_"},{"v":{"$numberInt":"2"},"unique":true,"key":{"rental_id":{"$numberInt":"1"}},"name":"rental_id_1"},{"v":{"$numberInt":"2"},"key":{"inventory_id":{"$numberInt":"1"}},"name":"inventory_id_1"},{"v":{"$numberInt":"2"},"key":{"customer_id":{"$numberInt":"1"}},"name":"customer_id_1"},{"v":{"$numberInt":"2"},"key":{"staff_id":{"$numberInt":"1"}},"name":"staff_id_1"}],"uuid":"ce194559905c4f8cba9f76cd7fa96e3a","collectionName":"rental"}