{"options":{"validator":{"$jsonSchema":{"bsonType":"object","properties":{"rental_id":{"bsonType":"int"},"rental_date":{"bsonType":"date"},"inventory_id":{"bsonType":"int"},"customer_id":{"bsonType":"int"},"return_date":{"bsonType":"date"},"staff_id":{"bsonType":"int"},"last_update":{"bsonType":"date"}}}},"validationLevel":"strict","validationAction":"error"},"indexes":[{"v":2,"key":{"_id":1},"name":"_id_","ns":"sakila.rental"},{"v":2,"unique":true,"key":{"rental_id":1},"name":"rental_id_1","ns":"sakila.rental"},{"v":2,"key":{"inventory_id":1},"name":"inventory_id_1","ns":"sakila.rental"},{"v":2,"key":{"customer_id":1},"name":"customer_id_1","ns":"sakila.rental"},{"v":2,"key":{"staff_id":1},"name":"staff_id_1","ns":"sakila.rental"}],"uuid":"183f98e5b08843cfbbf672ab7444690a"}