{"options":{"validator":{"$jsonSchema":{"bsonType":"object","properties":{"staff_id":{"bsonType":"int"},"first_name":{"bsonType":"string"},"last_name":{"bsonType":"string"},"address_id":{"bsonType":"int"},"picture":{"bsonType":"binData"},"email":{"bsonType":"string"},"store_id":{"bsonType":"int"},"active":{"bsonType":"int"},"username":{"bsonType":"string"},"password":{"bsonType":"string"},"last_update":{"bsonType":"date"}}}},"validationLevel":"strict","validationAction":"error"},"indexes":[{"v":2,"key":{"_id":1},"name":"_id_","ns":"sakila.staff"},{"v":2,"key":{"address_id":1},"name":"address_id_1","ns":"sakila.staff"},{"v":2,"unique":true,"key":{"staff_id":1},"name":"staff_id_1","ns":"sakila.staff"},{"v":2,"key":{"store_id":1},"name":"store_id_1","ns":"sakila.staff"}],"uuid":"ec8cbf3192f94534ac76346d1a605345"}