{"options":{"validationAction":"error","validator":{"$jsonSchema":{"bsonType":"object","properties":{"store_id":{"bsonType":"int"},"username":{"bsonType":"string"},"picture":{"bsonType":"binData"},"email":{"bsonType":"string"},"last_name":{"bsonType":"string"},"address_id":{"bsonType":"int"},"active":{"bsonType":"int"},"password":{"bsonType":"string"},"last_update":{"bsonType":"date"},"staff_id":{"bsonType":"int"},"first_name":{"bsonType":"string"}}}},"validationLevel":"strict"},"indexes":[{"v":{"$numberInt":"2"},"key":{"_id":{"$numberInt":"1"}},"name":"_id_"},{"v":{"$numberInt":"2"},"key":{"address_id":{"$numberInt":"1"}},"name":"address_id_1"},{"v":{"$numberInt":"2"},"unique":true,"key":{"staff_id":{"$numberInt":"1"}},"name":"staff_id_1"},{"v":{"$numberInt":"2"},"key":{"store_id":{"$numberInt":"1"}},"name":"store_id_1"}],"uuid":"c49e4f2a194946328709fe8a4cef8d2b","collectionName":"staff"}