{"options":{"validator":{"$jsonSchema":{"bsonType":"object","properties":{"store_id":{"bsonType":"int"},"manager_staff_id":{"bsonType":"int"},"address_id":{"bsonType":"int"},"last_update":{"bsonType":"date"}}}},"validationLevel":"strict","validationAction":"error"},"indexes":[{"v":{"$numberInt":"2"},"key":{"_id":{"$numberInt":"1"}},"name":"_id_"},{"v":{"$numberInt":"2"},"key":{"address_id":{"$numberInt":"1"}},"name":"address_id_1"},{"v":{"$numberInt":"2"},"unique":true,"key":{"manager_staff_id":{"$numberInt":"1"}},"name":"manager_staff_id_1"},{"v":{"$numberInt":"2"},"unique":true,"key":{"store_id":{"$numberInt":"1"}},"name":"store_id_1"}],"uuid":"60a5fcacdb3343a88086f4918318d40b","collectionName":"store"}