{"options":{"validator":{"$jsonSchema":{"bsonType":"object","properties":{"store_id":{"bsonType":"int"},"manager_staff_id":{"bsonType":"int"},"address_id":{"bsonType":"int"},"last_update":{"bsonType":"date"}}}},"validationLevel":"strict","validationAction":"error"},"indexes":[{"v":2,"key":{"_id":1},"name":"_id_","ns":"sakila.store"},{"v":2,"key":{"address_id":1},"name":"address_id_1","ns":"sakila.store"},{"v":2,"unique":true,"key":{"manager_staff_id":1},"name":"manager_staff_id_1","ns":"sakila.store"},{"v":2,"unique":true,"key":{"store_id":1},"name":"store_id_1","ns":"sakila.store"}],"uuid":"1c8055bfdb0a40008865f002714c3e0a"}