{"options":{"validator":{"$jsonSchema":{"bsonType":"object","properties":{"CustomerID":{"bsonType":"string"},"CompanyName":{"bsonType":"string"},"ContactName":{"bsonType":"string"},"ContactTitle":{"bsonType":"string"},"Address":{"bsonType":"string"},"City":{"bsonType":"string"},"Region":{"bsonType":"string"},"PostalCode":{"bsonType":"string"},"Country":{"bsonType":"string"},"Phone":{"bsonType":"string"},"Fax":{"bsonType":"string"},"Image":{"bsonType":"binData"},"ImageThumbnail":{"bsonType":"binData"}}}},"validationLevel":"strict","validationAction":"error"},"indexes":[{"v":2,"key":{"_id":1},"name":"_id_","ns":"northwind.customers"},{"v":2,"unique":true,"key":{"CustomerID":1},"name":"CustomerID_1","ns":"northwind.customers"}],"uuid":"29ca9fdcaca243b2b7ceabcfdc7d6835"}