{"options":{"validator":{"$jsonSchema":{"bsonType":"object","properties":{"EmployeeID":{"bsonType":"int"},"LastName":{"bsonType":"string"},"FirstName":{"bsonType":"string"},"Title":{"bsonType":"string"},"TitleOfCourtesy":{"bsonType":"string"},"BirthDate":{"bsonType":"date"},"HireDate":{"bsonType":"date"},"Address":{"bsonType":"string"},"City":{"bsonType":"string"},"Region":{"bsonType":"string"},"PostalCode":{"bsonType":"string"},"Country":{"bsonType":"string"},"HomePhone":{"bsonType":"string"},"Extension":{"bsonType":"string"},"Photo":{"bsonType":"binData"},"Notes":{"bsonType":"string"},"ReportsTo":{"bsonType":"int"}}}},"validationLevel":"strict","validationAction":"error"},"indexes":[{"v":2,"key":{"_id":1},"name":"_id_","ns":"northwind.employees"},{"v":2,"unique":true,"key":{"EmployeeID":1},"name":"EmployeeID_1","ns":"northwind.employees"}],"uuid":"30a94656971b4ef9bb0de6ebad1b5be2"}