{"options":{"validator":{"$jsonSchema":{"bsonType":"object","properties":{"OrderID":{"bsonType":"int"},"CustomerID":{"bsonType":"string"},"EmployeeID":{"bsonType":"int"},"OrderDate":{"bsonType":"date"},"RequiredDate":{"bsonType":"date"},"ShippedDate":{"bsonType":"date"},"ShipVia":{"bsonType":"int"},"Freight":{"bsonType":"decimal"},"ShipName":{"bsonType":"string"},"ShipAddress":{"bsonType":"string"},"ShipCity":{"bsonType":"string"},"ShipRegion":{"bsonType":"string"},"ShipPostalCode":{"bsonType":"string"},"ShipCountry":{"bsonType":"string"}}}},"validationLevel":"strict","validationAction":"error"},"indexes":[{"v":2,"key":{"_id":1},"name":"_id_","ns":"northwind.orders"},{"v":2,"unique":true,"key":{"OrderID":1},"name":"OrderID_1","ns":"northwind.orders"}],"uuid":"fd36d9295de3498b873ed950900c6cce"}