{"options":{"validator":{"$jsonSchema":{"bsonType":"object","properties":{"OrderID":{"bsonType":"int"},"ProductID":{"bsonType":"int"},"UnitPrice":{"bsonType":"decimal"},"Quantity":{"bsonType":"int"},"Discount":{"bsonType":"double"}}}},"validationLevel":"strict","validationAction":"error"},"indexes":[{"v":2,"key":{"_id":1},"name":"_id_","ns":"northwind.order details"},{"v":2,"unique":true,"key":{"OrderID":1,"ProductID":1},"name":"OrderID_1_ProductID_1","ns":"northwind.order details"}],"uuid":"fd67094d141a4c7d8551e8eefacc4dce"}