{"options":{"validator":{"$jsonSchema":{"bsonType":"object","properties":{"ProductID":{"bsonType":"int"},"ProductName":{"bsonType":"string"},"SupplierID":{"bsonType":"int"},"CategoryID":{"bsonType":"int"},"QuantityPerUnit":{"bsonType":"string"},"UnitPrice":{"bsonType":"decimal"},"UnitsInStock":{"bsonType":"int"},"UnitsOnOrder":{"bsonType":"int"},"ReorderLevel":{"bsonType":"int"},"Discontinued":{"bsonType":"int"}}}},"validationLevel":"strict","validationAction":"error"},"indexes":[{"v":2,"key":{"_id":1},"name":"_id_","ns":"northwind.products"},{"v":2,"unique":true,"key":{"ProductID":1},"name":"ProductID_1","ns":"northwind.products"}],"uuid":"420038de7dcc40d5845d6dc76f659bbe"}