{"options":{"validator":{"$jsonSchema":{"bsonType":"object","properties":{"SupplierID":{"bsonType":"int"},"CompanyName":{"bsonType":"string"},"ContactName":{"bsonType":"string"},"ContactTitle":{"bsonType":"string"},"Address":{"bsonType":"string"},"City":{"bsonType":"string"},"Region":{"bsonType":"string"},"PostalCode":{"bsonType":"string"},"Country":{"bsonType":"string"},"Phone":{"bsonType":"string"},"Fax":{"bsonType":"string"},"HomePage":{"bsonType":"string"}}}},"validationLevel":"strict","validationAction":"error"},"indexes":[{"v":2,"key":{"_id":1},"name":"_id_","ns":"northwind.suppliers"},{"v":2,"unique":true,"key":{"SupplierID":1},"name":"SupplierID_1","ns":"northwind.suppliers"}],"uuid":"6ec49785603740b3b8ee0088ecc0502c"}